{
  "project_info": {
    "project_number": "807004213417",
    "project_id": "chat-together-cb6f8",
    "storage_bucket": "chat-together-cb6f8.appspot.com"
  },
  "client": [
    {
      "client_info": {
        "mobilesdk_app_id": "1:807004213417:android:fc927abe8f3de2f1a059b8",
        "android_client_info": {
          "package_name": "com.glbrt.chattogether"
        }
      },
      "oauth_client": [
        {
          "client_id": "807004213417-1mcbavsa4rk73kodir940ljm3kp0900e.apps.googleusercontent.com",
          "client_type": 3
        }
      ],
      "api_key": [
        {
          "current_key": "AIzaSyCe8oCq6rfQYlLgPxiydAqAuAM418yUrn0"
        }
      ],
      "services": {
        "appinvite_service": {
          "other_platform_oauth_client": [
            {
              "client_id": "807004213417-1mcbavsa4rk73kodir940ljm3kp0900e.apps.googleusercontent.com",
              "client_type": 3
            }
          ]
        }
      }
    }
  ],
  "configuration_version": "1"
}